{"USA":0.770960268,"CAN":0.810639939,"CUB":0.349468496,"HTI":0.383844554,"DOM":0.605877575,"JAM":0.698066119,"TTO":0.687425471,"BRB":0.741253241,"MEX":0.470919806,"GTM":0.429711678,"HND":0.463747647,"SLV":0.40706906,"NIC":0.311604785,"CRI":0.829611213,"PAN":0.639916563,"COL":0.526508042,"VEN":0.355680137,"GUY":0.603846346,"SUR":0.690117412,"ECU":0.584426928,"PER":0.575766136,"BRA":0.604206902,"BOL":0.522965474,"PRY":0.553909868,"CHL":0.707991077,"ARG":0.622284532,"URY":0.748931269,"GBR":0.760899925,"IRL":0.861100134,"NLD":0.854449736,"BEL":0.909429596,"LUX":0.904307973,"FRA":0.760543635,"CHE":0.914350295,"ESP":0.843540417,"PRT":0.745279773,"DEU":0.948874583,"POL":0.629408799,"AUT":0.817550234,"HUN":0.669427129,"CZE":0.876221198,"SVK":0.785082798,"ITA":0.854138673,"MLT":0.737117949,"ALB":0.693723766,"MNE":0.631022513,"MKD":0.594600158,"HRV":0.688766019,"SRB":0.594260716,"BIH":0.552355368,"XXK":0.518681553,"SVN":0.752412174,"GRC":0.815626541,"CYP":0.779405517,"BGR":0.63950276,"MDA":0.660576027,"ROU":0.649500219,"RUS":0.449387007,"EST":0.816492743,"LVA":0.82315657,"LTU":0.802267233,"UKR":0.554835902,"BLR":0.276470723,"ARM":0.671879639,"GEO":0.645978669,"AZE":0.401292278,"FIN":0.918287093,"SWE":0.881026513,"NOR":0.839906974,"DNK":0.988157894,"ISL":0.849278997,"CPV":0.612233777,"GNB":0.48168465,"GNQ":0.376798425,"GMB":0.686770835,"MLI":0.489196956,"SEN":0.670139344,"BEN":0.617760895,"MRT":0.38883187,"NER":0.588387331,"CIV":0.515297483,"GIN":0.36846621,"BFA":0.493117696,"LBR":0.612784918,"SLE":0.624969965,"GHA":0.63192665,"TGO":0.416220375,"CMR":0.446713132,"NGA":0.549493419,"GAB":0.623164664,"CAF":0.38516358,"TCD":0.357380185,"COG":0.381512798,"COD":0.310351124,"UGA":0.46543488,"KEN":0.576123458,"TZA":0.583297288,"BDI":0.352425913,"RWA":0.481854888,"SOM":0.309410555,"DJI":0.489293411,"ETH":0.542483353,"ERI":0.236372174,"AGO":0.49458092,"MOZ":0.502421084,"ZMB":0.500948962,"ZWE":0.518945993,"MWI":0.63479905,"ZAF":0.703147897,"NAM":0.655579528,"LSO":0.647823801,"BWA":0.703999614,"SWZ":0.477003069,"MDG":0.466110757,"COM":0.4827625,"MUS":0.628566839,"MAR":0.635397481,"DZA":0.50697887,"TUN":0.698763292,"LBY":0.310651156,"SDN":0.372141805,"SSD":0.350328278,"IRN":0.411388218,"TUR":0.356491497,"IRQ":0.405875253,"EGY":0.470218163,"SYR":0.228883552,"LBN":0.523707156,"PSE":0.544655459,"JOR":0.612721437,"ISR":0.788530042,"SAU":0.386416039,"YEM":0.252555296,"KWT":0.592188035,"BHR":0.37395024,"QAT":0.489853895,"ARE":0.466512541,"OMN":0.545952792,"AFG":0.314856992,"TKM":0.294005697,"TJK":0.266754349,"KGZ":0.455598502,"UZB":0.467067848,"KAZ":0.522013213,"CHN":0.432437723,"MNG":0.617699291,"TWN":0.80774728,"PRK":0.188146094,"KOR":0.776704091,"JPN":0.842914659,"IND":0.543968807,"BTN":0.707349293,"PAK":0.42587157,"BGD":0.405032998,"MMR":0.278587443,"LKA":0.603535366,"MDV":0.548418088,"NPL":0.614395131,"THA":0.432668716,"KHM":0.339692746,"LAO":0.36025643,"VNM":0.436818403,"MYS":0.602954914,"SGP":0.702733927,"PHL":0.556718152,"IDN":0.527887606,"TLS":0.555504847,"AUS":0.867714444,"PNG":0.560070766,"NZL":0.841178209,"VUT":0.680293141,"SLB":0.619727814,"FJI":0.570238539}