{"AFG":-1.64308727653009,"ALB":1.1309208649033,"DZA":0.471531307417773,"AND":4.57010246752245,"AGO":-0.126551845282768,"ATG":2.08562178787345,"ARG":1.26413056393746,"ARM":0.862601809066682,"AUS":1.85713106076648,"AUT":2.24876535073645,"AZE":-0.111712252362542,"BHS":1.16006674922902,"BHR":0.0966059125757077,"BGD":-1.21923347184455,"BRB":1.71050521116778,"BLR":0.306001119150808,"BEL":3.16232777071481,"BLZ":1.18194838050542,"BEN":0.940687208792805,"BTN":2.38375243666382,"BOL":0.468168850406375,"BIH":1.52574804525,"BWA":1.88864413818026,"BRA":-1.30557569308454,"BRN":1.96687839573744,"BGR":1.28519982962895,"BFA":-1.91071526419644,"BDI":-1.6919717531426,"KHM":0.0175107153889472,"CMR":-1.76406327878932,"CAN":3.1717182881658,"CPV":2.13695949117687,"CAF":-0.350986062037277,"TCD":-0.179154833071607,"CHL":0.530467579158257,"CHN":-1.19895127914242,"COL":-0.470898620389987,"COM":1.58349199834981,"COG":-0.460518151629914,"CRI":2.21987004811147,"CIV":0.0103093915651657,"HRV":2.20291559720122,"CUB":-0.0580223427867632,"CYP":1.61526699118821,"CZE":3.33915971354189,"COD":-1.80572331486442,"DNK":3.37379855244917,"DJI":-0.0110373274138163,"DMA":2.44032565261454,"DOM":-0.223449926552006,"ECU":0.904875419809724,"EGY":-1.36261494633779,"SLV":0.271458600704316,"GNQ":0.242257353360285,"ERI":-1.80147954762973,"EST":3.09573672874836,"SWZ":1.10651703715149,"ETH":-1.74234384431779,"FJI":1.8983895431789,"FIN":2.49685777815785,"FRA":1.68280366988324,"GAB":0.695092872752856,"GMB":1.57251383329417,"GEO":0.940576183870993,"DEU":3.31747419561254,"GHA":0.380436521687159,"GRC":1.31669331024391,"GRD":2.80002627139993,"GTM":0.43994217288019,"GIN":0.0106962907088557,"GNB":2.1376484523966,"GUY":1.16029269442535,"HTI":0.562651519594784,"HND":-0.372212629510722,"HUN":1.45179141006147,"ISL":5.16000098322369,"IND":-1.06355814134479,"IDN":-0.121700755713414,"IRN":-1.72644547170489,"IRQ":-1.7376583395143,"IRL":3.12473557608522,"ISR":-0.582319459370862,"ITA":1.88361062821864,"JAM":0.035877179028971,"JPN":2.86579314793112,"JOR":0.550032469297029,"KAZ":-0.0602725205174614,"KEN":-1.37614292511682,"KIR":4.31804537964041,"XXK":1.5329535324859,"KWT":1.10897954902877,"KGZ":0.0623192284821326,"LAO":1.17005250198194,"LVA":2.63660931237167,"LBN":0.0418033093154308,"LSO":0.594301777299378,"LBR":0.777204972809516,"LBY":-2.01988735896635,"LIE":4.62499911701647,"LTU":2.21929139113023,"LUX":5.31445618008241,"MDG":-0.443165008323902,"MWI":0.22044577814138,"MYS":0.110251177800172,"MDV":0.743852798467317,"MLI":-1.76613724779491,"MLT":2.41013509285699,"MHL":2.46259787996017,"MRT":0.316249943967695,"MUS":1.18565856586703,"MEX":-1.24176667181409,"FSM":2.99165359059526,"MDA":0.231043413899837,"MCO":4.53268981925436,"MNG":0.995859838533123,"MNE":1.63044737094408,"MAR":0.938034082961366,"MOZ":0.165233248872373,"MMR":-2.08896892910469,"NAM":2.1644365231684,"NRU":2.28647803695655,"NPL":0.499583336127391,"NLD":3.75070234327167,"NZL":3.72449633408403,"NIC":-0.847490396116914,"NER":-0.867350025224494,"NGA":-1.6598724212167,"PRK":-1.99452860413545,"MKD":1.48501259759024,"NOR":4.28091605827049,"OMN":1.1349048044486,"PAK":-0.944714623411632,"PLW":4.52058955506745,"PAN":2.66266657729997,"PNG":0.0577117362923743,"PRY":1.07670548820932,"PER":1.07019249156402,"PHL":-1.67362006195372,"POL":1.82582000681044,"PRT":2.09402756422172,"QAT":2.59944649089902,"ROU":1.40896411329348,"RUS":-1.19244715691324,"RWA":-0.622215377191002,"KNA":2.62447387781536,"LCA":1.29482171781275,"VCT":2.45919798328193,"WSM":2.91978536670504,"SMR":4.51968531923824,"STP":3.63105567875175,"SAU":-1.11675379070131,"SEN":1.12430328443868,"SYC":2.18645234375222,"SLE":0.594083526498671,"SGP":1.72527085415473,"SVK":1.66945313303132,"SVN":3.47494682443973,"SLB":4.03083279449292,"SOM":-1.22987821649043,"ZAF":-0.515281449289904,"KOR":1.85213088229866,"SSD":-1.7921179244056,"ESP":1.27203902740169,"LKA":0.420261213833926,"SDN":-1.93854567257011,"SUR":1.28634429611572,"SWE":3.23059415092702,"CHE":2.62407105754736,"SYR":-2.03663497773048,"TWN":3.13058681061905,"TJK":-0.359234913858523,"TZA":-0.0845853620869395,"THA":-0.76508664986876,"TGO":0.411821632331152,"TON":2.72771713081508,"TTO":1.40381261431441,"TUN":0.189081594205633,"TUR":-1.72284393090023,"TKM":-0.579705501256027,"TUV":4.37272376209864,"UGA":-0.395889199732316,"UKR":-0.76805190110588,"ARE":0.0855950444933784,"GBR":2.68529445901456,"USA":-0.167946577149298,"URY":3.18337801200782,"UZB":-0.198496516864295,"VUT":2.77718635927878,"VEN":-1.70603999834222,"VNM":-0.63662280467457,"YEM":-2.01764941652686,"ZMB":0.0347535182646651,"ZWE":-0.466234301822994}